{ "id": 1, "name": "卢浮宫 Musée du louvre", "img": "louvre/museum/image/louvre@2x.png", "imgobject": "louvre/museum/image/object-louvre@2x.png", "imginfo": "louvre/museum/image/info-louvre@2x.png", "imgintro": "louvre/museum/image/intro-louvre@2x.png", "introbackground":"louvre/museum/image/intro-background-louvre@2x.png", "audio":"louvre/museum/audio/minion_ring_ring.mp3", "description":"位于法国巴黎市中心的塞纳河北岸（右岸），原是法国的王宫，居住过50位法国国王和王后，现是卢浮宫博物馆，拥有的艺术收藏达40万件以上，包括雕塑、绘画、美术工艺及古代东方，古代埃及和古希腊罗马等6个门类。博物馆收藏目录上记载的艺术品数量已达400000件，分为许多的门类品种，从古代埃及、希腊、埃特鲁里亚、罗马的艺术品，到东方各国的艺术品，有从中世纪到现代的雕塑作品，还有数量惊人的王室珍玩以及绘画精品等等。迄今为止，卢浮宫已成为世界著名的艺术殿堂。" }
