{ "id": 1, "museumid": 1, "name": "蒙娜丽莎", "frenchname":"Mona Lisa", "img": "louvre/object/image/monalisa@2x.png", "imgsmall": "louvre/object/image/monalisa-small.png", "introbackground": "louvre/object/image/intro-background-monalisa@2x.png", "description":"《蒙娜丽莎》是一幅享有盛誉的肖像画杰作。它代表达·芬奇的最高艺术成就，成功地塑造了资本主义上升时期一位城市有产阶级的妇女形象。画中人物坐姿优雅，笑容微妙，背景山水幽深茫茫，淋漓尽致地发挥了画家那奇特的烟雾状“无界渐变着色法”般的笔法。画家力图使人物的丰富内心感情和美丽的外形达到巧妙的结合，对于人像面容中眼角唇边等表露感情的关键部位，也特别着重掌握精确与含蓄的辩证关系，达到神韵之境，从而使蒙娜丽莎的微笑具有一种神秘莫测的千古奇韵，那如梦似的妩媚微笑，被不少美术史家称为“神秘的微笑”。", "audio":"louvre/object/audio/minion_ring_ring.mp3"}
